Date,Open,High,Low,Close,Adj Close,Volume
1/2/2019,46.94,47.22,46.56,46.93,39.83,11603700
1/3/2019,46.82,47.37,46.53,46.64,39.58,14714400
1/4/2019,46.75,47.57,46.64,47.57,40.37,13013700
1/7/2019,47.57,47.75,46.9,46.95,39.85,13135500
1/8/2019,47.25,47.57,47.04,47.48,40.3,15420700
1/9/2019,47.08,47.28,46.43,46.57,39.52,18032500
1/10/2019,46.66,47.09,46.34,47.07,39.95,15976600
1/11/2019,47.29,47.36,46.97,47.34,40.18,11088600
1/14/2019,47.25,47.4,46.99,47.15,40.02,11514300
1/15/2019,46.89,47.6,46.81,47.57,40.37,11342900
1/16/2019,47.4,47.47,46.86,46.92,39.82,16907800
1/17/2019,46.92,47.14,46.88,47.06,39.94,12044600
1/18/2019,47.25,47.69,47.12,47.61,40.41,12760700
1/22/2019,47.7,47.79,47.21,47.72,40.5,11700400
1/23/2019,47.82,48.29,47.65,48.27,40.97,12058300
1/24/2019,48.11,48.11,47.38,47.69,40.47,10272000
1/25/2019,47.88,48.03,47.24,47.37,40.2,12066500
1/28/2019,47.22,47.3,46.94,47.17,40.03,9966900
1/29/2019,47.2,47.63,47.13,47.4,40.23,11998600
1/30/2019,47.25,47.89,47.19,47.86,40.62,12952500
1/31/2019,47.85,48.78,47.47,48.13,40.85,32181500
2/1/2019,48.48,48.78,48.4,48.7,41.33,19130100
2/4/2019,48.7,49.45,48.54,49.25,41.8,15105700
2/5/2019,49.33,49.47,49.1,49.26,41.81,12651900
2/6/2019,49.21,49.36,49.02,49.26,41.81,8689100
2/7/2019,49.17,49.46,49,49.42,41.94,10047800
2/8/2019,49.37,49.5,49.11,49.5,42.01,9813300
2/11/2019,49.57,49.88,49.48,49.61,42.1,9369300
2/12/2019,49.69,49.8,49.46,49.66,42.15,10983300
2/13/2019,49.61,49.94,49.56,49.79,42.26,12748800
2/14/2019,46.7,46.96,45.5,45.59,38.69,58905400
2/15/2019,45.9,46.26,45.2,45.24,38.39,35701600
2/19/2019,45.32,45.59,44.77,44.83,38.05,25511300
2/20/2019,44.91,45.24,44.8,45.1,38.28,27464000
2/21/2019,45,45.91,44.96,45.86,38.92,23121200
2/22/2019,45.76,45.95,45.2,45.28,38.43,24728400
2/25/2019,45.44,45.57,44.84,44.94,38.14,23774400
2/26/2019,45.1,45.14,44.66,44.69,37.93,20463200
2/27/2019,44.6,45.02,44.42,44.94,38.14,17827500
2/28/2019,45.12,45.61,45.11,45.34,38.48,22533900
3/1/2019,45.47,45.64,45.2,45.38,38.51,16291600
3/4/2019,45.53,45.67,45.3,45.65,38.74,15973800
3/5/2019,45.65,45.7,45.4,45.6,38.7,13062300
3/6/2019,45.67,45.79,45.44,45.45,38.57,14232100
3/7/2019,45.49,45.53,45.13,45.28,38.43,12084000
3/8/2019,45.15,45.25,44.61,44.84,38.06,15579100
3/11/2019,45.14,46.24,45.1,46.18,39.19,22126900
3/12/2019,45.95,46.25,45.9,46.05,39.08,19348500
3/13/2019,46.13,46.34,45.91,46.22,39.23,16222500
3/14/2019,45.84,46.11,45.63,45.7,39.12,18504100
3/15/2019,45.72,45.9,45.14,45.3,38.78,47254500
3/18/2019,45.43,45.68,45.36,45.41,38.88,24006400
3/19/2019,45.55,45.69,45.34,45.56,39,14987000
3/20/2019,45.4,45.9,45.18,45.53,38.98,13376100
3/21/2019,45.53,45.76,45.44,45.51,38.96,20043000
3/22/2019,45.46,46.11,45.46,45.93,39.32,19055900
3/25/2019,45.86,46.2,45.79,46.03,39.41,11668200
3/26/2019,46.17,46.79,46.17,46.64,39.93,11434900
3/27/2019,46.65,46.91,46.33,46.61,39.9,11543600
3/28/2019,46.68,46.92,46.48,46.58,39.88,11121100
3/29/2019,46.67,46.91,46.48,46.86,40.12,16045600
4/1/2019,46.99,47.17,46.59,46.72,40,11522700
4/2/2019,46.75,46.93,46.57,46.57,39.87,8495000
4/3/2019,46.42,46.59,46.04,46.18,39.53,12854500
4/4/2019,46.34,46.54,46.11,46.48,39.79,7814900
4/5/2019,46.49,46.58,46.2,46.47,39.78,7677600
4/8/2019,46.54,46.57,46.27,46.55,39.85,9421300
4/9/2019,46.45,46.72,46.27,46.67,39.95,8641800
4/10/2019,46.84,47,46.56,46.64,39.93,8059900
4/11/2019,46.72,46.75,46.54,46.71,39.99,7352400
4/12/2019,46.67,46.93,46.57,46.74,40.01,10690000
4/15/2019,46.88,47.04,46.7,47,40.24,10261300
4/16/2019,47.05,47.1,46.7,46.95,40.19,10804600
4/17/2019,47.2,47.55,47.15,47.28,40.48,11849300
4/18/2019,47.33,47.58,47.27,47.48,40.65,12167000
4/22/2019,47.4,47.61,47.02,47.4,40.58,9834700
4/23/2019,48.09,48.72,47.55,48.21,41.27,25327800
4/24/2019,48.03,48.23,47.92,47.98,41.08,15997300
4/25/2019,47.74,47.89,47.47,47.84,40.96,11444400
4/26/2019,47.99,48.45,47.98,48.26,41.32,10154300
4/29/2019,48.17,48.45,48.11,48.42,41.45,9731500
4/30/2019,48.53,49.18,48.39,49.06,42,17912900
5/1/2019,48.95,49.08,48.55,48.59,41.6,10551200
5/2/2019,48.53,48.77,48.27,48.39,41.43,8724600
5/3/2019,48.6,48.96,48.52,48.72,41.71,7076900
5/6/2019,48.33,48.61,48.26,48.47,41.49,8657800
5/7/2019,48.23,48.29,47.77,48,41.09,12487500
5/8/2019,48.05,48.23,47.82,47.85,40.96,9281400
5/9/2019,47.8,47.98,47.07,47.4,40.58,11450500
5/10/2019,47.41,48.3,47.4,48.19,41.26,9653800
5/13/2019,47.91,48.13,47.73,48.05,41.14,11911500
5/14/2019,48.53,49.32,48.35,48.69,41.68,16844200
5/15/2019,48.67,49.38,48.6,49.18,42.1,11422500
5/16/2019,49.27,49.66,49.21,49.58,42.45,17771300
5/17/2019,49.27,49.55,49.17,49.2,42.12,11257000
5/20/2019,49.04,49.14,48.76,48.85,41.82,13850500
5/21/2019,49,49.03,48.45,48.6,41.61,10587400
5/22/2019,48.78,49.71,48.72,49.65,42.51,16050400
5/23/2019,49.5,49.9,49.46,49.85,42.68,12199400
5/24/2019,49.82,49.89,49.53,49.61,42.47,6887600
5/28/2019,49.6,49.67,49.03,49.1,42.03,18614000
5/29/2019,48.74,49.03,48.41,48.61,41.61,12534600
5/30/2019,48.72,49.31,48.67,49.25,42.16,9087200
5/31/2019,49,49.31,48.78,49.13,42.06,11368600
6/3/2019,49.16,49.98,49.02,49.98,42.79,14167200
6/4/2019,50,50.28,49.62,50,42.8,12010600
6/5/2019,50.01,51.14,49.69,50.78,43.47,15837600
6/6/2019,50.91,51.54,50.59,51.4,44,15190400
6/7/2019,51.47,52.19,51.45,51.49,44.08,15293600
6/10/2019,51.54,51.54,51.09,51.38,43.99,9737400
6/11/2019,51.45,51.59,51.18,51.33,43.94,9915600
6/12/2019,51.5,52.14,51.47,51.64,44.21,11088100
6/13/2019,51.46,51.7,50.78,51.13,44.11,10353600
6/14/2019,51.05,51.53,51.05,51.31,44.27,8694300
6/17/2019,51.25,51.48,50.61,50.87,43.89,12322400
6/18/2019,51.25,51.3,50.53,50.64,43.69,9221100
6/19/2019,50.54,51.24,50.47,51.12,44.11,9414100
6/20/2019,51.5,51.79,51.35,51.66,44.57,10656600
6/21/2019,51.53,51.89,51.41,51.55,44.48,21264400
6/24/2019,51.74,52.2,51.7,51.92,44.8,10780000
6/25/2019,52,52.1,51.64,51.76,44.66,11519900
6/26/2019,51.52,51.64,51.09,51.12,44.11,12405100
6/27/2019,51.29,51.4,50.97,51.08,44.07,12374900
6/28/2019,51.27,51.4,50.52,50.92,43.93,16339900
7/1/2019,51.07,51.63,50.78,51.6,44.52,14976400
7/2/2019,51.78,52.05,51.55,51.98,44.85,8569200
7/3/2019,52,52.33,52,52.1,44.95,7253700
7/5/2019,51.89,52.12,51.48,52.11,44.96,8916300
7/8/2019,52.2,52.33,51.89,52,44.86,9495100
7/9/2019,51.72,51.97,51.43,51.59,44.51,10584900
7/10/2019,51.8,51.97,51.66,51.82,44.71,7620900
7/11/2019,51.99,52.06,51.66,52.04,44.9,10376500
7/12/2019,52.25,52.29,51.91,52.12,44.97,7347400
7/15/2019,52.28,52.29,51.87,52.13,44.98,5876100
7/16/2019,51.96,52.47,51.81,52.14,44.99,7132500
7/17/2019,52.22,52.26,52.01,52.18,45.02,8264200
7/18/2019,52.04,52.17,51.67,52.03,44.89,11911800
7/19/2019,52.14,52.15,51.37,51.39,44.34,10355500
7/22/2019,51.52,51.52,51.13,51.22,44.19,12090700
7/23/2019,53.25,54.64,52.76,54.33,46.87,33417900
7/24/2019,54.12,54.82,53.62,53.78,46.4,15633400
7/25/2019,53.63,53.8,52.72,53.07,45.79,19135000
7/26/2019,53.34,54.31,53.19,54.17,46.74,11451900
7/29/2019,54.17,54.3,53.9,53.99,46.58,12283900
7/30/2019,53.96,54.3,53.57,53.72,46.35,8127100
7/31/2019,53.51,53.51,52.04,52.63,45.41,16865500
8/1/2019,52.78,53.2,52.01,52.03,44.89,19527200
8/2/2019,51.91,52.73,51.91,52.33,45.15,13102300
8/5/2019,52.39,52.66,51.4,51.65,44.56,19986500
8/6/2019,51.87,52.76,51.61,52.27,45.1,19903100
8/7/2019,52.27,53.39,51.77,53.18,45.88,17937000
8/8/2019,53.21,53.78,52.85,53.69,46.32,10799000
8/9/2019,53.79,53.9,53.08,53.42,46.09,9260900
8/12/2019,53.28,53.44,52.99,53.2,45.9,6588600
8/13/2019,52.9,53.61,52.87,53.5,46.16,8581200
8/14/2019,53.34,53.97,52.97,52.99,45.72,17088900
8/15/2019,53.43,54,53.23,53.87,46.48,12393200
8/16/2019,53.98,54.49,53.95,54.41,46.94,14288700
8/19/2019,54.44,54.78,54.31,54.69,47.19,10936200
8/20/2019,54.62,54.68,53.84,53.88,46.49,8176700
8/21/2019,54.25,54.41,53.85,54.1,46.68,10886500
8/22/2019,54.12,54.64,54.1,54.49,47.01,7467900
8/23/2019,54.42,54.71,53.39,53.74,46.37,14160400
8/26/2019,54,54.54,53.73,54.54,47.06,9226900
8/27/2019,54.7,54.95,54.41,54.72,47.21,13537000
8/28/2019,54.66,55.15,54.42,55.11,47.55,10046400
8/29/2019,55.26,55.34,54.6,55.05,47.5,9262800
8/30/2019,55.16,55.22,54.81,55.04,47.49,8746700
9/3/2019,54.98,55.33,54.87,55.3,47.71,12991400
9/4/2019,55.35,55.92,55.3,55.77,48.12,10718100
9/5/2019,55.75,55.77,55.03,55.12,47.56,13677000
9/6/2019,55.44,55.44,54.76,55.23,47.65,9093500
9/9/2019,55.03,55.08,54.36,54.52,47.04,10814900
9/10/2019,54.23,54.44,53.85,54.4,46.94,12038200
9/11/2019,54.29,54.8,53.97,54.77,47.25,9740400
9/12/2019,55.1,55.31,54.98,55.11,47.55,12357900
9/13/2019,54.48,54.79,54.07,54.26,47.16,11486100
9/16/2019,54.1,54.34,53.63,53.96,46.9,11172000
9/17/2019,54.1,54.7,53.96,54.24,47.14,11347400
9/18/2019,54.2,54.29,53.82,54.23,47.13,9700400
9/19/2019,54.23,54.6,54.13,54.52,47.38,7560300
9/20/2019,54.69,54.69,53.9,53.91,46.85,19211500
9/23/2019,53.91,54.36,53.88,54.14,47.05,6485300
9/24/2019,54.25,54.61,54.04,54.3,47.19,10093000
9/25/2019,54.44,54.48,54,54.17,47.08,10248400
9/26/2019,54.47,54.58,54.13,54.39,47.27,10031200
9/27/2019,54.56,54.64,54,54.31,47.2,7939900
9/30/2019,54.15,54.68,54.15,54.44,47.31,9808700
10/1/2019,54.53,54.78,54.01,54.65,47.5,14261500
10/2/2019,54.21,54.44,52.9,53.08,46.13,14343600
10/3/2019,53.5,53.98,52.82,53.84,46.79,13817500
10/4/2019,54,54.54,53.89,54.54,47.4,9295400
10/7/2019,54.33,54.36,53.77,53.87,46.82,5964900
10/8/2019,53.88,54.07,53.45,53.58,46.57,13301900
10/9/2019,54.06,54.07,53.54,53.83,46.78,7135000
10/10/2019,53.55,53.88,53.36,53.66,46.64,8942900
10/11/2019,53.65,53.7,53.2,53.3,46.32,8981700
10/14/2019,53.49,53.68,53.22,53.3,46.32,7306300
10/15/2019,53.43,53.68,53.27,53.51,46.5,9564300
10/16/2019,53.46,53.57,53.13,53.49,46.49,10454800
10/17/2019,53.69,54.12,53.58,53.79,46.75,13190300
10/18/2019,55,55.39,54.45,54.78,47.61,18122400
10/21/2019,54.45,54.56,53.68,54.23,47.13,12778900
10/22/2019,54.23,54.42,53.74,53.85,46.8,9533400
10/23/2019,54.06,54.66,54.01,54.64,47.49,8556600
10/24/2019,54.57,54.82,54.49,54.61,47.46,11051400
10/25/2019,54.55,54.56,53.67,53.75,46.71,9782400
10/28/2019,53.74,53.95,53.37,53.57,46.56,8866100
10/29/2019,53.39,53.66,53.26,53.41,46.42,7999700
10/30/2019,53.52,54.05,53.16,53.94,46.88,8620900
10/31/2019,53.96,54.47,53.85,54.43,47.3,13982000
11/1/2019,54.63,54.74,53.85,53.9,46.84,9889500
11/4/2019,53.96,54,52.97,53.14,46.18,17515100
11/5/2019,52.89,52.89,52.12,52.42,45.56,19284000
11/6/2019,52.53,52.8,52.41,52.8,45.89,13288900
11/7/2019,52.88,53,51.96,52.29,45.44,11725500
11/8/2019,52.46,52.6,52.09,52.21,45.37,7141800
11/11/2019,52.33,52.37,51.78,51.84,45.05,8198300
11/12/2019,51.91,51.91,51.58,51.71,44.94,12656900
11/13/2019,52.18,52.45,51.96,52.41,45.55,12257900
11/14/2019,52.53,52.67,52.35,52.63,45.74,8660300
11/15/2019,52.64,52.68,52.38,52.67,45.77,8982400
11/18/2019,52.68,53.44,52.67,53.03,46.09,13782000
11/19/2019,53.15,53.31,52.87,53.08,46.13,12679500
11/20/2019,53.1,53.4,53.01,53.22,46.25,11970300
11/21/2019,53.11,53.34,52.78,52.96,46.03,7856100
11/22/2019,52.96,53.19,52.75,53.03,46.09,9113300
11/25/2019,53.28,53.39,52.77,53.22,46.25,10963500
11/26/2019,53.31,53.94,53.22,53.9,46.84,13219800
11/27/2019,53.93,54.1,53.6,53.95,46.89,9595200
11/29/2019,53.7,53.73,53.22,53.4,46.76,7222300
12/2/2019,53.32,53.75,52.85,53.75,47.06,13173800
12/3/2019,53.71,53.84,53.4,53.8,47.11,14498300
12/4/2019,53.8,54.31,53.72,54.29,47.54,13624000
12/5/2019,54.21,54.29,53.83,54.19,47.45,14068100
12/6/2019,54.31,54.5,54.17,54.42,47.65,7843500
12/9/2019,54.3,54.51,54.02,54.07,47.34,13887200
12/10/2019,54.04,54.07,53.73,53.77,47.08,8993900
12/11/2019,53.94,54.15,53.66,53.95,47.24,8879100
12/12/2019,54.01,54.45,53.94,54.14,47.4,11233300
12/13/2019,53.94,54.55,53.84,54.42,47.65,13072200
12/16/2019,54.69,54.83,54.37,54.42,47.65,9538100
12/17/2019,54.4,54.58,54.29,54.42,47.65,9230000
12/18/2019,54.53,54.75,53.89,53.91,47.2,15132100
12/19/2019,54.04,54.34,53.92,54.32,47.56,13385900
12/20/2019,54.94,55.2,54.47,54.97,48.13,23832800
12/23/2019,55,55.24,54.84,54.91,48.08,9300800
12/24/2019,54.8,55,54.64,54.71,47.9,3359300
12/26/2019,54.92,55.02,54.79,55.02,48.17,6228500
12/27/2019,55.01,55.45,55,55.35,48.46,6895500
12/30/2019,55.18,55.39,55.06,55.27,48.39,6431700
12/31/2019,55.2,55.38,54.98,55.35,48.46,7982600
1/2/2020,55.32,55.43,54.76,54.99,48.15,11867700
1/3/2020,54.32,54.99,54.09,54.69,47.89,11354500
1/6/2020,54.65,54.91,54.52,54.67,47.87,14698300
1/7/2020,54.45,54.6,54.15,54.25,47.5,9973900
1/8/2020,54.27,54.64,54.15,54.35,47.59,10676000
1/9/2020,55,55.4,54.84,55.34,48.45,15398000
1/10/2020,55.48,55.93,55.45,55.53,48.62,13040100
1/13/2020,55.53,56.23,55.42,56.13,49.15,14302900
1/14/2020,56.24,56.29,55.83,56,49.03,16345300
1/15/2020,56,56.98,56,56.7,49.65,17735400
1/16/2020,56.85,56.95,56.61,56.82,49.75,10234100
1/17/2020,56.87,57.15,56.8,56.94,49.86,14264300
1/21/2020,56.85,57.25,56.57,57.17,50.06,11968900
1/22/2020,57.25,57.64,57.18,57.61,50.44,12869600
1/23/2020,57.38,57.85,57.24,57.83,50.63,12858900
1/24/2020,57.85,57.87,57.46,57.68,50.5,8594300
1/27/2020,57.21,57.85,57.13,57.48,50.33,14359900
1/28/2020,57.45,57.75,56.97,57.01,49.92,15240200
1/29/2020,57,57.26,56.66,57.01,49.92,13163600
1/30/2020,57.93,58.98,57.76,58.86,51.54,20225600
1/31/2020,58.97,59.08,58.15,58.4,51.13,17685200
2/3/2020,58.75,58.97,58.52,58.58,51.29,12333600
2/4/2020,58.75,59.45,58.62,58.84,51.52,15417900
2/5/2020,58.9,59.08,58.54,58.85,51.53,11414900
2/6/2020,58.98,59.34,58.84,58.99,51.65,9347000
2/7/2020,58.88,59.32,58.85,59.19,51.83,8757800
2/10/2020,59.32,59.84,59.29,59.75,52.32,7984900
2/11/2020,59.72,59.8,59.32,59.59,52.18,7431200
2/12/2020,59.48,59.77,59.32,59.41,52.02,9179100
2/13/2020,59.38,59.84,59.21,59.61,52.19,8173200
2/14/2020,59.63,60.07,59.62,59.95,52.49,9965500
2/18/2020,59.81,59.93,59.45,59.53,52.12,10075700
2/19/2020,59.51,60,59.47,59.77,52.33,6265700
2/20/2020,59.68,59.86,59.11,59.72,52.29,7597200
2/21/2020,59.51,60.13,59.43,60.13,52.65,10842400
2/24/2020,59.11,59.8,58.57,58.65,51.35,14415500
2/25/2020,58.7,59.2,57.62,57.82,50.63,15915100
2/26/2020,57.98,58.47,57.48,57.6,50.43,15837800
2/27/2020,57.15,57.89,54.88,54.93,48.1,23754000
2/28/2020,53.83,53.89,51.58,53.49,46.83,40890600
3/2/2020,53.93,55.96,53.7,55.92,48.96,25698600
3/3/2020,56.76,57.49,55.64,56.06,49.08,27099200
3/4/2020,56.41,59,56.41,58.92,51.59,20526100
3/5/2020,57.8,58.17,56.19,56.74,49.68,17948500
3/6/2020,54.94,55.91,53.98,55.26,48.38,22353900
3/9/2020,52.05,53.58,51.48,51.86,45.41,27898300
3/10/2020,53.22,53.8,51.17,53.66,46.98,27457400
3/11/2020,52.35,52.65,51.14,52.21,45.71,22653900
3/12/2020,48.54,49.93,46.69,47.16,41.29,31913100
3/13/2020,49.51,49.56,46.61,48.47,42.81,33697200
3/16/2020,42.24,47.88,41.17,45.26,39.98,28682300
3/17/2020,45.88,47.5,45.37,47.18,41.67,32106700
3/18/2020,44.74,45.15,41.59,44.85,39.61,35408300
3/19/2020,44.36,44.66,41.04,41.83,36.95,41956900
3/20/2020,41.95,42.07,37.51,38.3,33.83,51513500
3/23/2020,38.76,38.89,36.27,37.56,33.18,44978500
3/24/2020,41.22,41.4,38.83,39.45,34.84,49096200
3/25/2020,40.63,43.45,39.91,41.61,36.75,42511700
3/26/2020,42.84,45.27,42.45,44.29,39.12,37821700
3/27/2020,43.66,44.03,42.4,42.81,37.81,23297900
3/30/2020,43.04,45.56,43.04,45,39.75,23446000
3/31/2020,45.07,45.51,44.06,44.25,39.08,25373900
4/1/2020,42.48,43.65,41.8,42.12,37.2,21936400
4/2/2020,42.22,44.19,41.86,43.95,38.82,17621900
4/3/2020,43.58,44.34,43.31,43.83,38.71,14207100
4/6/2020,45.39,47.01,44.69,46.67,41.22,22850000
4/7/2020,48.5,48.6,46.48,46.51,41.08,21279600
4/8/2020,46.64,48.09,46.33,47.82,42.24,18937100
4/9/2020,48.44,49.73,48.35,49,43.28,19165300
4/13/2020,48.35,48.64,46.5,46.93,41.45,19586000
4/14/2020,47.94,49.25,46.93,48.92,43.21,21801900
4/15/2020,47.71,48.4,47.41,47.61,42.05,12893200
4/16/2020,47.4,47.85,46.76,47.1,41.6,17606800
4/17/2020,48.3,48.3,47.37,48.06,42.45,19844600
4/20/2020,47.79,48,46.31,46.53,41.1,18957900
4/21/2020,45.88,46.9,44.26,45.38,40.08,26863700
4/22/2020,46.05,46.15,45.5,45.68,40.35,15811600
4/23/2020,45.95,46.1,44.97,45.07,39.81,17668200
4/24/2020,45.5,45.75,45.12,45.43,40.13,15175000
4/27/2020,46,46.98,45.71,46.78,41.32,19175500
4/28/2020,47.9,48,46.57,46.74,41.28,17246700
4/29/2020,47.27,47.86,46.88,47.12,41.62,15780000
4/30/2020,47,47,45.7,45.89,40.53,20801100
5/1/2020,45.62,46.39,45.21,45.6,40.28,14290400
5/4/2020,45.32,45.48,44.6,45.14,39.87,22544200
5/5/2020,45.36,46.1,45.15,45.4,40.1,13370500
5/6/2020,45.4,45.63,44.72,44.75,39.53,11892900
5/7/2020,45.15,45.24,44.5,44.6,39.39,16466000
5/8/2020,45.08,46.22,44.88,46.11,40.73,13985100
5/11/2020,45.69,46.11,45.52,45.54,40.22,10874600
5/12/2020,45.6,45.85,44.8,44.82,39.59,13424400
5/13/2020,44.71,44.78,43.52,43.94,38.81,15854800
5/14/2020,43.38,44.06,43.23,43.7,38.6,18000800
5/15/2020,43.96,44.69,43.2,43.26,38.21,31579400
5/18/2020,44.82,45.39,44.13,44.97,39.72,26118500
5/19/2020,45.01,45.33,44.25,44.54,39.34,17839900
5/20/2020,45.2,46.17,45.02,45.89,40.53,22295900
5/21/2020,46.08,46.09,45.03,45.17,39.9,13193500
5/22/2020,45.22,45.31,44.65,45.03,39.77,13008400
5/26/2020,46.92,46.93,45.93,46.09,40.71,22223100
5/27/2020,47,47.09,46.17,46.73,41.27,18447600
5/28/2020,47.3,47.46,46.82,47.09,41.59,16230600
5/29/2020,46.68,47.19,46.14,46.68,41.23,51125000
6/1/2020,46.66,47.23,46.59,46.99,41.5,17010700
6/2/2020,47.16,47.28,46.56,46.9,41.42,15255100
6/3/2020,47.27,48.12,47.12,47.9,42.31,15508300
6/4/2020,47.94,48.27,47.38,47.92,42.33,13604700
6/5/2020,48.54,49.49,48.46,49.09,43.36,20504800
6/8/2020,49.54,49.97,49.47,49.85,44.03,19896700
6/9/2020,49.59,49.59,48.68,49,43.28,16713700
6/10/2020,49.16,49.27,48.57,48.62,42.94,15716600
6/11/2020,47.81,47.92,45.46,45.54,40.22,26070400
6/12/2020,46.21,46.25,45.01,45.6,40.64,21822700
6/15/2020,44.57,46.45,44.47,46.3,41.27,15622300
6/16/2020,47.56,47.69,46.19,46.77,41.69,18803500
6/17/2020,46.78,47.06,46.44,46.58,41.52,12602800
6/18/2020,46.3,47.04,46.07,46.99,41.88,9380800
6/19/2020,47.77,47.79,46.02,46.02,41.02,30464600
6/22/2020,46.03,46.15,45.38,45.74,40.77,20876200
6/23/2020,46,46.29,45.58,45.64,40.68,14675300
6/24/2020,45.37,45.44,44.5,44.65,39.8,17631800
6/25/2020,44.47,44.98,44.03,44.93,40.05,13829700
6/26/2020,44.92,45.01,43.51,43.57,38.83,21955100
6/29/2020,44,44.57,43.55,44.36,39.54,17603900
6/30/2020,44.25,44.83,44.04,44.68,39.82,23679800
7/1/2020,44.93,45.53,44.71,44.82,39.95,14316500
7/2/2020,45.29,45.43,44.8,44.88,40,15111900
7/6/2020,45.14,45.27,44.61,45.23,40.31,15146000
7/7/2020,45,45.5,44.8,45.21,40.29,13043600
7/8/2020,45.14,45.18,44.47,45.07,40.17,13851200
7/9/2020,45.05,45.05,43.83,43.91,39.14,16087100
7/10/2020,43.88,45.25,43.86,45.15,40.24,15627800
7/13/2020,45.53,45.68,44.96,45.25,40.33,16705300
7/14/2020,44.91,45.94,44.67,45.87,40.88,17080100
7/15/2020,46.3,47.19,46.2,46.4,41.36,23738000
7/16/2020,46.26,46.69,45.94,46.15,41.13,13306100
7/17/2020,46.47,46.91,46.13,46.82,41.73,13899800
7/20/2020,46.72,46.83,45.85,46.12,41.11,16633200
7/21/2020,47.52,47.99,46.93,47.2,42.07,25681500
7/22/2020,47.93,48.52,47.03,48.48,43.21,29831200
7/23/2020,48.47,48.57,48.03,48.28,43.03,15935000
7/24/2020,48.4,48.8,48.07,48.49,43.22,16196800
7/27/2020,48.18,48.51,48.18,48.48,43.21,17346500
7/28/2020,48.34,49.28,48.1,48.18,42.94,13872700
7/29/2020,48.14,48.5,47.82,48.02,42.8,13758100
7/30/2020,47.67,48.23,47.2,47.69,42.51,17276500
7/31/2020,47.44,47.77,46.73,47.24,42.1,14849200
8/3/2020,47.14,47.36,46.23,46.3,41.27,14137500
8/4/2020,46.29,46.86,46.22,46.69,41.61,11717200
8/5/2020,46.9,47.27,46.81,47.22,42.09,10498700
8/6/2020,46.66,47.53,46.6,47.48,42.32,10745000
8/7/2020,47.47,48.08,47.21,47.8,42.6,11669700
8/10/2020,48.06,48.28,47.66,47.72,42.53,11888000
8/11/2020,48.46,48.65,47.7,47.93,42.72,16531600
8/12/2020,48.3,48.69,48.12,48.43,43.16,9562200
8/13/2020,48.26,48.73,48.06,48.38,43.12,9882900
8/14/2020,48.34,48.69,48.03,48.45,43.18,10075800
8/17/2020,48.32,48.75,48.2,48.21,42.97,9102400
8/18/2020,48.2,48.5,47.96,48.42,43.16,9829000
8/19/2020,48.12,48.38,47.22,47.37,42.22,17371000
8/20/2020,47.27,47.6,47.09,47.35,42.2,11308700
8/21/2020,47.34,47.5,46.97,47.28,42.14,14734100
8/24/2020,47.43,47.98,47.18,47.97,42.75,9257700
8/25/2020,48,48.05,47.65,47.91,42.7,7827800
8/26/2020,47.76,48.18,47.47,48.16,42.92,10124200
8/27/2020,48.25,48.82,48.2,48.23,42.99,10931600
8/28/2020,48.75,49.85,48.53,49.83,44.41,16420300
8/31/2020,49.8,50.07,49.35,49.53,44.15,18510800
9/1/2020,49.31,49.35,48.83,49.12,43.78,12588400
9/2/2020,49.36,51.36,49.36,51.19,45.62,26332600
9/3/2020,51.4,52.14,50.1,50.48,44.99,22289400
9/4/2020,50.94,51.47,50.28,51.04,45.49,21019500
9/8/2020,50.93,51.04,49.36,49.81,44.39,17776700
9/9/2020,49.6,50.76,49.55,50.19,44.73,15252300
9/10/2020,50.35,50.68,49.95,50,44.56,15439500
9/11/2020,50.4,51.2,50.1,51.06,45.51,18272300
9/14/2020,50.97,51.23,50.57,50.71,45.56,10911700
9/15/2020,51,51.38,50.84,51.05,45.87,12838400
9/16/2020,50.95,51.45,50.74,50.79,45.63,15353900
9/17/2020,50.22,50.63,49.94,50.55,45.42,13287100
9/18/2020,50.75,51.16,50.21,50.45,45.33,23816600
9/21/2020,49.75,50.02,48.61,49.09,44.11,17514800
9/22/2020,49.11,50.04,49.07,49.66,44.62,13034600
9/23/2020,49.73,49.92,48.17,48.21,43.32,17121200
9/24/2020,48.21,49.1,47.56,48.7,43.76,16788100
9/25/2020,48.2,48.76,47.98,48.72,43.77,12603400
9/28/2020,49.31,49.71,49.14,49.28,44.28,11215700
9/29/2020,49.39,49.56,48.91,48.92,43.95,12426600
9/30/2020,49.27,49.62,48.89,49.37,44.36,15755900
10/1/2020,49.44,49.66,48.59,49.18,44.19,17577300
10/2/2020,48.76,49.58,48.55,49.36,44.35,13610100
10/5/2020,49.43,49.55,49.12,49.38,44.37,10628700
10/6/2020,49.55,49.73,48.83,48.94,43.97,10077400
10/7/2020,49.02,49.76,48.95,49.56,44.53,10135600
10/8/2020,49.71,50.54,49.54,50.46,45.34,12143900
10/9/2020,50.67,51.23,50.6,50.81,45.65,11407800
10/12/2020,50.84,51.53,50.83,51.09,45.9,11386500
10/13/2020,50.99,50.99,49.9,50.22,45.12,14365300
10/14/2020,50.05,50.49,49.65,50.12,45.03,10582100
10/15/2020,49.4,50.13,49.3,49.99,44.92,9961700
10/16/2020,49.99,50.35,49.87,50.03,44.95,13569800
10/19/2020,50.03,50.48,49.46,49.62,44.58,9930400
10/20/2020,49.89,50.62,49.79,50.25,45.15,10970700
10/21/2020,49.96,50.43,49.77,49.99,44.92,12517400
10/22/2020,51.17,51.2,50.38,50.68,45.54,20189200
10/23/2020,51,51.18,50.47,50.52,45.39,13491300
10/26/2020,50.34,50.51,49.2,49.8,44.75,14696400
10/27/2020,49.81,50.29,49.55,49.9,44.83,13892100
10/28/2020,49,49.15,47.78,47.96,43.09,19886200
10/29/2020,47.73,48.48,47.3,48.02,43.15,15369900
10/30/2020,47.81,48.12,47.37,48.06,43.18,15804000
11/2/2020,48.75,48.95,48.24,48.62,43.68,15156100
11/3/2020,49.22,49.96,49,49.35,44.34,15285100
11/4/2020,49.43,50.21,49.08,49.17,44.18,12930800
11/5/2020,49.76,50.21,49.34,49.44,44.42,12452400
11/6/2020,49.65,49.99,49.25,49.45,44.43,9294900
11/9/2020,52.5,53.26,52.07,52.57,47.23,33442000
11/10/2020,52.57,54.28,52.45,53.98,48.5,29706700
11/11/2020,53.93,54.3,53.33,53.58,48.14,17399900
11/12/2020,53.05,53.21,52.61,53.01,47.63,15024400
11/13/2020,53.25,53.5,52.89,53.45,48.02,12447900
11/16/2020,54.5,54.62,53.28,53.85,48.38,14908200
11/17/2020,53.66,53.75,53.03,53.68,48.23,14248400
11/18/2020,53.75,54.02,52.56,52.61,47.27,15278200
11/19/2020,52.49,53.23,51.95,53.13,47.74,17189500
11/20/2020,53.19,53.25,52.59,52.67,47.32,15645600
11/23/2020,52.95,53.17,52.2,52.68,47.33,13191900
11/24/2020,53.14,53.59,53.02,53.22,47.82,13827600
11/25/2020,53.07,53.28,52.79,52.93,47.56,10194800
11/27/2020,53.11,53.19,52.61,52.7,47.35,8499300
11/30/2020,52.09,52.19,51.08,51.6,46.73,43203600
12/1/2020,52.14,52.33,51.79,52.04,47.12,18968800
12/2/2020,51.9,52.13,51.64,52.11,47.19,14913100
12/3/2020,51.9,52.94,51.9,52.78,47.79,17318900
12/4/2020,52.78,53.87,52.76,53.85,48.76,18122400
12/7/2020,53.76,53.78,52.7,52.99,47.98,16210900
12/8/2020,52.94,53.48,52.79,53.18,48.16,12485800
12/9/2020,53.37,53.6,53,53.33,48.29,11508400
12/10/2020,53.4,53.51,52.98,53.05,48.04,12097300
12/11/2020,52.8,53.54,52.78,53.35,48.31,10638100
12/14/2020,53.65,53.84,53.18,53.27,48.24,22292000
12/15/2020,53.79,54.22,53.6,53.84,48.75,16193700
12/16/2020,53.6,53.8,52.94,53.06,48.05,15679600
12/17/2020,53.3,53.71,53.15,53.27,48.24,12677300
12/18/2020,53.08,53.84,52.62,53.74,48.66,35480100
12/21/2020,52.68,53,51.98,52.81,47.82,14926600
12/22/2020,52.81,53.18,52.39,52.76,47.78,9689500
12/23/2020,52.95,53.39,52.94,53.08,48.07,7040300
12/24/2020,53.02,53.55,53.02,53.44,48.39,3265500
12/28/2020,53.85,54.44,53.73,54.16,49.04,9020500
12/29/2020,54.45,54.49,54.02,54.13,49.02,8320600
12/30/2020,54.05,54.63,54.03,54.44,49.3,8142700
12/31/2020,54.45,54.93,54.27,54.84,49.66,8495000
1/4/2021,54.27,54.63,52.03,52.76,47.78,25611100
1/5/2021,52.33,52.62,52.03,52.18,47.25,20323800
1/6/2021,51.97,52.02,50.19,50.52,45.75,38724500
1/7/2021,50.09,50.26,49.52,49.96,45.24,53225700
1/8/2021,50.03,51.13,49.84,51.08,46.25,29674000
1/11/2021,50.62,50.86,49.95,50.2,45.46,19304400
1/12/2021,50.04,50.37,49.76,50.11,45.38,18538700
1/13/2021,49.98,50.36,49.95,50.16,45.42,18864100
1/14/2021,50.16,50.18,49.22,49.23,44.58,34303600
1/15/2021,49.16,49.18,48.53,48.7,44.1,24366800
1/19/2021,48.74,49.04,48.24,48.51,43.93,29114500
1/20/2021,48.54,48.82,48.31,48.68,44.08,23115800
1/21/2021,48.78,49.09,48.46,48.95,44.33,19702500
1/22/2021,48.81,48.94,48.49,48.49,43.91,15400300
1/25/2021,48.42,48.84,48.24,48.78,44.17,16604200
1/26/2021,48.91,49.4,48.61,49.29,44.63,12922600
1/27/2021,48.89,49.32,48.23,48.53,43.95,21242400
1/28/2021,48.69,49.5,48.61,49.15,44.51,17498900
1/29/2021,49.03,49.12,48.11,48.15,43.6,18670300
2/1/2021,48.27,48.69,48.18,48.48,43.9,12183600
2/2/2021,48.8,49.35,48.63,48.96,44.34,13319800
2/3/2021,48.95,49.09,48.67,48.77,44.16,12274100
2/4/2021,48.96,49.07,48.65,49.01,44.38,20597400
2/5/2021,49.5,49.78,49.27,49.65,44.96,12742000
2/8/2021,49.96,50.17,49.49,49.92,45.2,17833200
2/9/2021,49.85,50.02,49.63,49.7,45.01,14592900
2/10/2021,50.41,50.58,49.53,49.6,44.91,22965400
2/11/2021,49.81,50.59,49.8,50.3,45.55,21928600
2/12/2021,50.57,50.85,50.39,50.69,45.9,13137100
2/16/2021,50.62,50.72,50.16,50.27,45.52,15093400
2/17/2021,50,50.49,49.89,50.13,45.39,12794300
2/18/2021,50.16,50.85,50.03,50.77,45.97,12747100
2/19/2021,50.79,50.83,49.97,50.11,45.38,15968800
2/22/2021,49.85,50.88,49.67,50.63,45.85,14370900
2/23/2021,51,51.51,50.42,50.54,45.77,16222300
2/24/2021,50.39,50.9,50.13,50.71,45.92,14442000
2/25/2021,50.47,50.75,49.98,50.17,45.43,14211100
2/26/2021,50.2,50.21,48.97,48.99,44.36,23638400
3/1/2021,49.44,50.44,49.4,49.9,45.19,13901200
3/2/2021,49.84,50.56,49.7,50.1,45.37,11755100
3/3/2021,49.72,50.56,49.71,49.98,45.26,15410700
3/4/2021,50.31,51.09,49.62,49.94,45.22,22036400
3/5/2021,50.05,50.95,49.9,50.79,45.99,21310800
3/8/2021,51.47,52.49,51.16,51.64,46.76,25084900
3/9/2021,51.72,51.88,50.82,50.86,46.06,23082700
3/10/2021,51.18,51.63,50.72,51.44,46.58,21331600
3/11/2021,51.41,51.43,50.81,50.88,46.07,17417700
3/12/2021,50.59,50.68,50.2,50.36,45.98,17598600
3/15/2021,50.5,51.12,50.47,51.03,46.59,13411900
3/16/2021,51.2,51.52,51.04,51.22,46.77,14214200
3/17/2021,51.25,51.62,51.15,51.24,46.79,17502700
3/18/2021,51.06,51.19,50.49,50.57,46.17,18007300
3/19/2021,50.46,51.08,50.17,50.81,46.39,67845700
3/22/2021,50.32,51.08,50.32,51,46.57,17911400
3/23/2021,50.99,51.65,50.83,51.39,46.92,16936700
3/24/2021,51.17,51.89,51.15,51.52,47.04,14997400
3/25/2021,51.7,52.06,51.17,52.02,47.5,17091900
3/26/2021,52.14,53.11,51.76,53.04,48.43,17126700
3/29/2021,52.73,53.94,52.71,53.85,49.17,17514100
3/30/2021,53.75,53.79,52.93,53.15,48.53,14871800
3/31/2021,53.03,53.17,52.5,52.71,48.13,15826500
4/1/2021,52.96,53.15,52.46,52.51,47.95,15834700
4/5/2021,52.35,53.22,52.29,52.81,48.22,16368700
4/6/2021,53.04,53.65,52.9,53.19,48.57,15614300
4/7/2021,53.28,53.5,53.12,53.28,48.65,10062700
4/8/2021,53.17,53.38,52.97,53.12,48.5,9695600
4/9/2021,53.17,53.28,52.81,53.18,48.56,10828200
4/12/2021,53.33,53.55,53.1,53.35,48.71,8565300
4/13/2021,53.04,53.29,52.81,53.09,48.48,11071700
4/14/2021,52.98,53.19,52.65,53.08,48.47,9787600
4/15/2021,53.13,53.66,53.12,53.33,48.69,13078100
4/16/2021,53.74,53.8,53.38,53.68,49.01,17974100
4/19/2021,54,54.36,53.3,54,49.31,19352900
4/20/2021,53.84,54.59,53.81,54.17,49.46,14419200
4/21/2021,54.24,54.74,54.24,54.61,49.86,13866500
4/22/2021,54.47,54.87,54.32,54.44,49.71,12558900
4/23/2021,54.4,54.59,54.17,54.47,49.74,9020500
4/26/2021,54.47,54.51,53.58,53.66,49,11684600
4/27/2021,53.56,53.7,53.32,53.58,48.92,9852400
4/28/2021,53.98,54.05,53.44,53.59,48.93,10868100
4/29/2021,53.54,54.36,53.43,54.26,49.54,15391000
4/30/2021,54.25,54.27,53.69,53.98,49.29,14912600
5/3/2021,54.27,54.8,54.16,54.48,49.74,10417900
5/4/2021,54.57,54.62,53.94,54.14,49.43,14151000
5/5/2021,54.14,54.24,53.71,54,49.31,9665900
5/6/2021,54.12,54.61,54.05,54.54,49.8,11572700
5/7/2021,54.44,54.77,54.16,54.51,49.77,10637500
5/10/2021,54.88,55.5,54.83,54.91,50.14,15545800
5/11/2021,55.03,55.14,54.05,54.32,49.6,12986700
5/12/2021,54.36,54.56,53.88,54.04,49.34,15836500
5/13/2021,53.97,54.78,53.83,54.51,49.77,15475800
5/14/2021,54.9,55.1,54.69,54.73,49.97,11725300
5/17/2021,54.84,55.02,54.5,54.64,49.89,12119800
5/18/2021,54.39,54.56,54.1,54.34,49.62,13232500
5/19/2021,54.12,54.18,53.61,54.17,49.46,15126100
5/20/2021,54.12,54.8,54.12,54.65,49.9,10948400
5/21/2021,54.8,55.12,54.22,54.62,49.87,16033200
5/24/2021,54.63,54.93,54.49,54.8,50.04,10326100
5/25/2021,54.82,54.82,54.35,54.79,50.03,11916500
5/26/2021,54.98,55.05,54.59,55.03,50.25,16064300
5/27/2021,55.21,55.57,54.78,55.49,50.67,59109600
5/28/2021,55.35,55.71,55.2,55.29,50.48,17011600
6/1/2021,55.34,55.65,55.1,55.28,50.47,13304000
6/2/2021,55.5,55.56,55.26,55.5,50.68,11328500
6/3/2021,55.18,55.74,55.1,55.64,50.8,17364300
6/4/2021,55.9,56.48,55.78,56.24,51.35,18935100
6/7/2021,56.31,56.34,55.81,56.04,51.17,14010800
6/8/2021,56.25,56.25,55.55,55.65,50.81,10968300
6/9/2021,55.75,55.92,55.48,55.48,50.66,9838800
6/10/2021,55.91,56.12,55.76,55.91,51.05,12444400
6/11/2021,55.99,56.21,55.66,56.16,51.28,11825800
6/14/2021,55.69,55.71,55.2,55.55,51.1,9710800
6/15/2021,55.78,55.79,55.19,55.41,50.97,11154200
6/16/2021,55.44,55.46,54.64,54.67,50.29,15211700
6/17/2021,54.67,55.15,54.65,54.95,50.55,10658400
6/18/2021,54.51,54.62,53.72,53.77,49.47,31445600
6/21/2021,54.22,54.43,54,54.36,50.01,14404300
6/22/2021,54.34,54.85,54.26,54.56,50.19,13072800
6/23/2021,54.56,54.6,54.11,54.12,49.79,12339200
6/24/2021,54.26,54.42,54,54.39,50.04,11488400
6/25/2021,54.24,54.47,54.01,54.32,49.97,18880300
6/28/2021,54.25,54.37,54,54.26,49.92,10556900
6/29/2021,54.13,54.34,53.72,53.86,49.55,12300900
6/30/2021,53.8,54.18,53.75,54.11,49.78,14614200
7/1/2021,54.34,54.48,53.86,53.96,49.64,13214700
7/2/2021,54,54.45,54,54.18,49.84,10604600
7/6/2021,53.99,54.09,53.55,53.88,49.57,15278200
7/7/2021,53.72,54.38,53.72,54.32,49.97,14377700
7/8/2021,54.01,54.17,53.74,54.13,49.8,11943900
7/9/2021,54.25,54.52,54.18,54.46,50.1,10847000
7/12/2021,54.32,54.6,54.27,54.48,50.12,15107600
7/13/2021,54.95,55.3,54.75,55.02,50.62,15170800
7/14/2021,55.02,56.35,54.96,56.26,51.76,22002700
7/15/2021,56.24,56.47,55.91,56.44,51.92,15068200
7/16/2021,56.46,56.68,56.26,56.4,51.89,14860500
7/19/2021,56.08,56.35,55.16,55.73,51.27,19527000
7/20/2021,55.73,56.33,55.52,55.83,51.36,16257900
7/21/2021,57.33,57.56,56.43,56.55,52.02,20918200
7/22/2021,56.62,56.74,56.05,56.47,51.95,13402700
7/23/2021,56.59,57.33,56.45,57.01,52.45,12144000
7/26/2021,56.89,57.12,56.56,57.06,52.49,8681100
7/27/2021,57.11,57.54,56.92,57.26,52.68,12794400
7/28/2021,56.99,57.16,56.63,56.74,52.2,9858000
7/29/2021,57.07,57.25,56.86,57.05,52.48,9599100
7/30/2021,57.15,57.25,56.9,57.03,52.47,11727000
8/2/2021,57.2,57.24,56.71,56.88,52.33,9778000
8/3/2021,57,57,56.75,56.92,52.36,8825500
8/4/2021,56.75,56.95,56.01,56.1,51.61,11888400
8/5/2021,56.44,56.59,56.29,56.5,51.98,9806800
8/6/2021,56.6,56.74,56.44,56.64,52.11,10409300
8/9/2021,56.8,56.88,56.43,56.65,52.12,8859900
8/10/2021,56.84,57.17,56.66,56.8,52.25,10906900
8/11/2021,56.89,57.18,56.71,56.73,52.19,8370700
8/12/2021,56.73,56.98,56.73,56.84,52.29,6169200
8/13/2021,56.81,57.3,56.77,57.23,52.65,7714200
8/16/2021,57.2,57.49,57.03,57.48,52.88,7972000
8/17/2021,57.46,57.56,57.01,57.28,52.7,10346400
8/18/2021,57.19,57.23,56.42,56.5,51.98,13873700
8/19/2021,56.06,56.98,55.95,56.86,52.31,9223700
8/20/2021,56.84,57.03,56.58,56.64,52.11,10543600
8/23/2021,56.67,56.75,56.38,56.44,51.92,8912800
8/24/2021,56.64,56.64,55.9,56.01,51.53,12067200
8/25/2021,56.06,56.17,55.73,56.07,51.58,11270700
8/26/2021,55.95,55.98,55.51,55.54,51.09,10331500
8/27/2021,55.66,55.79,55.45,55.65,51.2,8844100
8/30/2021,55.69,56.2,55.64,56.18,51.68,10034700
8/31/2021,56.16,56.52,56,56.31,51.8,14185700
9/1/2021,56.38,56.8,56.28,56.69,52.15,9518900
9/2/2021,56.77,57.03,56.41,56.77,52.23,11653200
9/3/2021,56.46,56.77,56.25,56.73,52.19,13220400
9/7/2021,56.6,56.69,55.51,55.67,51.21,20035300
9/8/2021,55.61,56.48,55.61,56.42,51.9,12040100
9/9/2021,56.18,56.42,55.8,55.86,51.39,12545400
9/10/2021,56.01,56.13,55.52,55.61,51.16,10573700
9/13/2021,55.74,56.4,55.74,56.07,51.58,20274300
9/14/2021,55.92,55.98,55.55,55.69,51.62,13918900
9/15/2021,55.68,56,55.42,55.88,51.8,15746000
9/16/2021,55.72,55.99,54.82,55.35,51.3,17430400
9/17/2021,55.02,55.19,54.37,54.44,50.46,33370200
9/20/2021,54.11,54.4,53.73,54.06,50.11,27542500
9/21/2021,54.39,54.82,53.94,54.05,50.1,16418200
9/22/2021,54.51,54.56,54.06,54.13,50.17,12719700
9/23/2021,54.26,54.62,54,54.04,50.09,13836200
9/24/2021,54,54.24,53.86,53.89,49.95,9682200
9/27/2021,53.85,54.25,53.57,53.61,49.69,12429500
9/28/2021,53.46,53.46,52.43,52.64,48.79,19926100
9/29/2021,52.64,53.16,52.56,52.96,49.09,13941500
9/30/2021,53.17,53.33,52.43,52.47,48.63,17672000
10/1/2021,52.78,53.2,52.57,53.02,49.14,16277400
10/4/2021,53.06,53.53,52.4,52.99,49.12,18973400
10/5/2021,53.02,53.47,52.93,53.08,49.2,17173100
10/6/2021,52.77,53.77,52.51,53.71,49.78,21284500
10/7/2021,53.99,54.28,53.81,53.88,49.94,13774400
10/8/2021,54,54.39,53.9,54.12,50.16,13786800
10/11/2021,54.21,54.39,54.01,54.23,50.27,12378500
10/12/2021,54.42,54.83,54.22,54.23,50.27,19474400
10/13/2021,54.17,54.43,53.79,54.24,50.28,12143300
10/14/2021,54.39,54.81,54.31,54.61,50.62,13704000
10/15/2021,54.64,54.88,54.29,54.48,50.5,17867000
10/18/2021,54.35,54.39,53.86,53.94,50,15861800
10/19/2021,54.04,54.2,53.77,54.15,50.19,11068500
10/20/2021,54.18,54.76,54.11,54.63,50.64,12474800
10/21/2021,54.6,54.67,54.21,54.35,50.38,14388300
10/22/2021,54.39,54.53,54.07,54.45,50.47,12828600
10/25/2021,54.38,54.47,54.02,54.23,50.27,11855000
10/26/2021,54.32,54.58,54.23,54.47,50.49,12086700
10/27/2021,55.97,56.08,55.27,55.52,51.46,24019800
10/28/2021,55.75,56.11,55.62,56.04,51.94,15928000
10/29/2021,55.87,56.47,55.78,56.37,52.25,24463700
11/1/2021,56.39,56.4,55.9,56.17,52.06,11651100
11/2/2021,56.47,56.5,55.97,56.1,52,11498900
11/3/2021,56,56.33,55.78,56.29,52.18,10788300
11/4/2021,56.11,56.63,56.03,56.6,52.46,10820200
11/5/2021,56.84,57.16,56.59,56.84,52.68,12886700
11/8/2021,56.75,56.89,56.13,56.33,52.21,12828000
11/9/2021,56.41,56.52,56.09,56.49,52.36,10155800
11/10/2021,56.54,56.92,56.29,56.72,52.57,8813600
11/11/2021,56.83,56.88,56.57,56.74,52.59,7257700
11/12/2021,56.75,56.99,56.55,56.61,52.47,10162500
11/15/2021,56.53,56.68,56.27,56.62,52.48,10289200
11/16/2021,56.62,56.94,56.19,56.22,52.11,13756500
11/17/2021,56.04,56.05,55.65,55.91,51.82,13288700
11/18/2021,55.83,55.93,55.14,55.41,51.36,15380100
11/19/2021,55.44,55.49,54.9,55.13,51.1,15813700
11/22/2021,55.1,56.02,55.08,55.47,51.42,16905600
11/23/2021,55.66,56.11,55.5,55.88,51.8,13835900
11/24/2021,55.71,55.84,55.03,55.43,51.38,12598900
11/26/2021,54.59,54.75,53.58,53.73,49.8,14754300
11/29/2021,54.05,54.73,53.93,54.58,50.59,22712500
11/30/2021,53.6,53.63,52.44,52.45,48.99,30485200
12/1/2021,52.98,53.52,52.28,52.3,48.85,18719600
12/2/2021,52.6,53.34,52.51,53.07,49.57,17074200
12/3/2021,53.33,53.61,52.98,53.54,50.01,21064400
12/6/2021,54.31,55.25,54.14,54.91,51.29,26624100
12/7/2021,55.02,55.42,54.85,55.21,51.57,23832700
12/8/2021,55.12,55.35,54.36,55,51.37,18026300
12/9/2021,54.75,55.13,54.59,54.86,51.24,13846400
12/10/2021,55.25,56.32,55.07,56.28,52.57,23153600
12/13/2021,56.98,57.93,56.96,57.76,53.95,31362800
12/14/2021,57.4,58.17,57.4,57.8,53.99,24806600
12/15/2021,57.93,58.25,57.65,58.06,54.23,24923800
12/16/2021,57.98,58.88,57.9,58.65,54.78,24696900
12/17/2021,58.49,58.92,57.7,57.73,53.92,51874400
12/20/2021,57.2,57.78,57,57.54,53.75,20879500
12/21/2021,57.61,57.97,57.53,57.77,53.96,15864900
12/22/2021,57.71,58.19,57.49,58.18,54.35,12447400
12/23/2021,58.52,58.61,57.94,58.22,54.38,11027300
12/27/2021,58,58.69,58,58.65,54.78,9860000
12/28/2021,58.4,58.94,58.3,58.88,55,8979900
12/29/2021,58.95,59.1,58.66,58.95,55.06,9996000
12/30/2021,59.06,59.23,58.76,58.78,54.91,7703900
12/31/2021,58.75,59.35,58.7,59.21,55.31,10021300
1/3/2022,58.82,59.31,58.38,59.3,55.39,20187300
1/4/2022,59.73,60.54,59.59,60.29,56.32,26141600
1/5/2022,60.09,61.2,60.05,60.79,56.78,22507300
1/6/2022,60.47,61.12,60.44,60.47,56.48,17902300
1/7/2022,60.28,60.72,60.06,60.33,56.35,12307900
1/10/2022,60.55,60.82,60.18,60.43,56.45,20954300
1/11/2022,60.43,60.49,59.84,60.45,56.47,19369600
1/12/2022,60.53,60.69,60.19,60.54,56.55,15753800
1/13/2022,60.54,61.04,60.39,60.9,56.89,14318000
1/14/2022,60.94,61.45,60.36,61.39,57.34,19729600
1/18/2022,61.06,61.19,60.45,60.9,56.89,21976700
1/19/2022,60.66,61.18,60.56,61,56.98,18654700
1/20/2022,61,61.44,60.72,60.75,56.75,23002400
1/21/2022,61.08,61.3,60.4,60.45,56.47,26643200
1/24/2022,59.9,60.35,58.57,59.96,56.01,30185100
1/25/2022,59.36,60.05,58.69,59.82,55.88,19027100
1/26/2022,59.79,60.35,59.21,59.6,55.67,19190200
1/27/2022,59.88,60.93,59.5,59.65,55.72,18893800
1/28/2022,59.39,60.89,58.94,60.84,56.83,19101500
1/31/2022,60.3,61.14,60.15,61.01,56.99,22045300
2/1/2022,60.91,61.14,60.16,60.56,56.57,20841700
2/2/2022,60.62,61.27,60.56,61.18,57.15,20225600
2/3/2022,60.94,61.78,60.59,61.61,57.55,19440500
2/4/2022,61.49,61.68,60.57,60.96,56.94,17403700
2/7/2022,61.38,61.72,60.86,61.6,57.54,17846400
2/8/2022,61.83,62.33,61.74,62,57.91,18771700
2/9/2022,62.17,62.32,60.9,61.04,57.02,23595600
2/10/2022,60.36,62.3,60.2,61.38,57.33,23561500
2/11/2022,61.77,61.98,60.15,60.29,56.32,22781400
2/14/2022,60.16,60.79,59.28,60.68,56.68,23641300
2/15/2022,60.96,61.78,60.63,60.91,56.9,13408700
2/16/2022,60.86,61.4,60.56,60.9,56.89,15484700
2/17/2022,60.55,62.28,60.41,62.12,58.03,21468700
2/18/2022,62.12,62.82,61.99,62.54,58.42,21975000
2/22/2022,62.43,62.64,61.72,62.28,58.17,21731400
2/23/2022,62.24,62.33,61.34,61.59,57.53,19248500
2/24/2022,59.97,60.62,59.22,60.51,56.52,27207400
2/25/2022,60.94,62.9,60.92,62.85,58.71,21487800
2/28/2022,61.65,62.34,61.41,62.24,58.14,25879100
3/1/2022,62.14,62.75,61.51,61.97,57.89,15871100
3/2/2022,62.23,62.88,61.78,62.43,58.32,17319100
3/3/2022,62.61,63.02,62.29,62.47,58.35,21262800
3/4/2022,61.46,62.59,61.2,62.57,58.45,17163000
3/7/2022,62.01,62.07,60.72,61.08,57.05,29151400
3/8/2022,61.45,61.54,58.59,58.66,54.79,30242100
3/9/2022,59.82,59.84,58.66,58.96,55.07,23022700
3/10/2022,58.48,58.66,57.5,57.88,54.07,20887300
3/11/2022,57.96,58.85,57.86,57.92,54.1,19855600
3/14/2022,57.97,59.04,57.97,58.54,55.1,17799400
3/15/2022,59.08,59.89,58.98,59.62,56.12,18607200
3/16/2022,59.78,59.94,58.61,59.46,55.97,17347300
3/17/2022,59.46,60.14,59.23,60.09,56.56,15586200
3/18/2022,60.3,60.3,59.71,60.1,56.57,30197800
3/21/2022,60.5,61.1,60.25,60.58,57.02,17440100
3/22/2022,60.93,60.95,60.06,60.8,57.23,17559500
3/23/2022,60.75,60.98,60,60.4,56.85,15529200
3/24/2022,60.64,61.02,60.46,60.98,57.4,13151300
3/25/2022,61.12,61.61,61.05,61.53,57.91,12259800
3/28/2022,61.53,61.94,61.21,61.92,58.28,11485200
3/29/2022,62.21,62.53,61.74,62.16,58.51,14720600
3/30/2022,62.01,62.21,61.56,62.21,58.55,13641000
3/31/2022,62.22,62.64,62,62,58.36,16822900
4/1/2022,62.33,62.95,62.09,62.87,59.18,12644900
4/4/2022,62.6,62.79,61.72,62.54,58.87,11505800
4/5/2022,62.4,63.24,62.37,62.47,58.8,15721200
4/6/2022,62.77,63.26,62.3,63.1,59.39,19267400
4/7/2022,63.13,63.67,62.71,63.44,59.71,13960800
4/8/2022,63.48,64.04,63.16,63.83,60.08,12703500
4/11/2022,63.91,64.3,63.64,63.81,60.06,12720100
4/12/2022,64.38,64.81,63.89,64.56,60.77,18089900
4/13/2022,64.44,64.87,64.23,64.73,60.93,11883000
4/14/2022,64.96,65.57,64.82,65.02,61.2,16388400
4/18/2022,64.77,65.18,64.18,64.44,60.65,11679400
4/19/2022,64.5,65.25,64.44,65.07,61.25,11993800
4/20/2022,65.44,66.24,65.4,65.96,62.08,14827100
4/21/2022,65.98,67,65.72,66.21,62.32,15120400
4/22/2022,66.08,66.34,65.18,65.25,61.42,14902200
4/25/2022,67,67.2,64.78,65.94,62.07,25082000
4/26/2022,65.52,66.37,65.04,65.05,61.23,21982600
4/27/2022,65,66.28,65,65.56,61.71,16971000
4/28/2022,64.66,66.28,64.5,66.19,62.3,22010600
4/29/2022,65.87,66.03,64.49,64.61,60.81,20137100
5/2/2022,65.28,65.31,62.58,63.44,59.71,24970300
5/3/2022,63.72,63.94,62.67,63.08,59.37,21686300
5/4/2022,63,65.12,62.94,65.03,61.21,19780200
5/5/2022,64.69,65.03,64.01,64.51,60.72,20155200
5/6/2022,64.2,65.31,64.07,64.74,60.94,18984000
5/9/2022,64.47,65.36,64.04,64.61,60.81,20055300
5/10/2022,64.5,65.32,63.85,64.01,60.25,21322200
5/11/2022,64.33,65.2,63.96,64.31,60.53,19648400
5/12/2022,64.16,64.53,63.21,64.51,60.72,22574700
5/13/2022,64.81,65.8,64.12,65.72,61.86,16167000
5/16/2022,65.44,66.38,65.44,65.96,62.08,13223200
5/17/2022,66.1,66.1,65.01,65.78,61.91,21300600
5/18/2022,65.42,65.52,60.96,61.2,57.6,31437300
5/19/2022,60.96,60.96,59.66,60,56.47,31493900
5/20/2022,60.49,61.24,59.66,60.98,57.4,29133800
5/23/2022,61.65,63.1,61.59,62.86,59.17,19406900
5/24/2022,62.88,64.19,62.75,64.02,60.26,16154200
5/25/2022,64,64.47,63.6,64.07,60.31,15360500
5/26/2022,64.07,65.1,63.96,64.3,60.52,16159800
5/27/2022,64.26,64.83,64.14,64.68,60.88,17709000
5/31/2022,64.08,64.32,63.05,63.38,59.66,43159000
6/1/2022,63.42,63.68,62.13,63.07,59.36,15408300
6/2/2022,63.18,63.74,62.11,63.73,59.99,14586000
6/3/2022,63.57,63.63,62.81,62.97,59.27,13539900
6/6/2022,63.33,63.77,62.66,62.87,59.18,15112800
6/7/2022,62.38,63.37,62.22,63.25,59.53,17886300
6/8/2022,62.99,63.21,62.56,62.89,59.19,10211500
6/9/2022,62.87,63.35,61.78,61.8,58.17,13382200
6/10/2022,61.01,61.89,60.46,61.41,57.8,14967600
6/13/2022,60.75,62.29,60.67,61.34,57.74,23064200
6/14/2022,60.73,60.89,58.66,59.23,56.15,24620000
6/15/2022,60,60.64,58.97,59.67,56.57,19684700
6/16/2022,58.64,59.52,58.25,59.07,56,15053800
6/17/2022,59.7,60.13,59.13,59.43,56.34,34781900
6/21/2022,59.49,60.88,59.01,60.7,57.55,17705000
6/22/2022,60.6,61.45,60.32,61.15,57.97,15207100
6/23/2022,61.3,61.91,61.23,61.88,58.66,17190900
6/24/2022,62.11,63.06,62.11,63.04,59.76,18147100
6/27/2022,62.98,63.29,62.63,62.91,59.64,12142100
6/28/2022,63.08,63.76,62.11,62.28,59.04,13150100
6/29/2022,62.54,63.11,62.43,62.73,59.47,11795500
6/30/2022,62.32,63.11,62.16,62.91,59.64,15514200
7/1/2022,63.12,64.45,62.82,64.38,61.03,15143200
7/5/2022,64.18,64.18,62.42,63.28,59.99,15921200
7/6/2022,63.6,64.09,63.19,63.41,60.12,13450500
7/7/2022,63.26,63.58,62.7,62.91,59.64,14828400
7/8/2022,63.03,63.42,62.88,63.14,59.86,11311500
7/11/2022,62.99,63.46,62.59,62.94,59.67,12702100
7/12/2022,63,63.45,62.47,62.67,59.41,14731100
7/13/2022,62.33,63,61.98,62.38,59.14,13145300
7/14/2022,61.33,62.25,61.3,62.18,58.95,14433000
7/15/2022,62.75,62.97,62.07,62.5,59.25,21968400
7/18/2022,62.52,62.56,61.51,61.65,58.45,10780800
7/19/2022,62.09,62.65,61.93,62.53,59.28,10998200
7/20/2022,62.4,62.58,61.15,61.5,58.3,11010500
7/21/2022,61.26,61.88,60.79,61.36,58.17,11959600
7/22/2022,61.38,61.87,61.32,61.59,58.39,11644700
7/25/2022,61.55,62.3,61.31,62.19,58.96,14941700
7/26/2022,62.75,63.8,62.53,63.21,59.93,20118000
7/27/2022,62.88,63.19,61.79,63.01,59.74,12142900
7/28/2022,62.92,64.25,62.89,64.06,60.73,10837000
7/29/2022,63.71,64.29,63.63,64.17,60.84,13734200
8/1/2022,64.09,65.04,64.03,64.52,61.17,12831500
8/2/2022,64.59,64.6,63.43,63.64,60.33,15241900
8/3/2022,63.55,64.1,63.31,63.92,60.6,11317000
8/4/2022,63.64,63.73,62.92,63.67,60.36,11795600
8/5/2022,63.63,63.63,62.67,63.38,60.09,10445400
8/8/2022,63.5,63.81,62.75,62.97,59.7,9165200
8/9/2022,63.18,63.31,62.85,63.05,59.77,7910900
8/10/2022,63.63,63.79,63.1,63.65,60.34,8857300
8/11/2022,63.69,63.99,63.08,63.22,59.93,8507800
8/12/2022,63.43,63.76,63.09,63.7,60.39,9489300
8/15/2022,63.64,64.69,63.57,64.5,61.15,9863300
8/16/2022,64.57,65.23,64.33,65.03,61.65,9569600
8/17/2022,64.83,65.22,64.76,64.88,61.51,8144000
8/18/2022,64.96,65.35,64.71,65.22,61.83,6532000
8/19/2022,65.21,65.47,64.96,65.17,61.78,8921100
8/22/2022,64.84,64.92,63.99,64.2,60.86,9087900
8/23/2022,63.82,64.37,63.68,64.27,60.93,8443800
8/24/2022,64.24,64.58,64.05,64.36,61.02,6844700
8/25/2022,64.36,64.71,63.9,64.67,61.31,7913900
8/26/2022,64.73,64.8,62.98,63.11,59.83,10089500
8/29/2022,62.69,63.03,62.41,62.73,59.47,9115900
8/30/2022,62.91,62.91,61.99,62.15,58.92,8456800
8/31/2022,62.38,62.53,61.7,61.71,58.5,14633600
9/1/2022,61.58,62.04,61.29,62,58.78,14939700
9/2/2022,62.39,62.77,60.9,61.15,57.97,11809800
9/6/2022,61.29,61.97,60.99,61.18,58,12181800
9/7/2022,61.32,62.49,61.32,62.31,59.07,13290700
9/8/2022,62.08,62.3,61.34,62.12,58.89,17193500
9/9/2022,62.17,62.88,61.86,62.32,59.08,11855900
9/12/2022,62.43,62.81,62.27,62.5,59.25,13026900
9/13/2022,62.2,62.22,60.28,60.47,57.33,18532800
9/14/2022,60.64,61.08,60.44,60.79,57.63,12881600
9/15/2022,60.4,60.4,59.36,59.53,56.85,11451900
9/16/2022,59.66,59.8,59.11,59.54,56.86,20493500
9/19/2022,59.39,60.1,59.23,59.99,57.29,12596200
9/20/2022,59.68,60.03,59.32,59.9,57.2,11984600
9/21/2022,60.14,60.7,59.39,59.4,56.72,14165300
9/22/2022,59.55,59.73,59.2,59.26,56.59,11657600
9/23/2022,58.96,59.1,58,58.6,55.96,14824000
9/26/2022,58.49,58.57,57.69,57.87,55.26,18670100
9/27/2022,58.08,58.37,56.31,56.38,53.84,23829300
9/28/2022,56.66,57.25,55.91,56.98,54.41,21480100
9/29/2022,57.09,57.29,56,56.57,54.02,14570700
9/30/2022,56.87,57.13,56,56.02,53.5,16124600
10/3/2022,56.36,56.85,56.06,56.65,54.1,16277600
10/4/2022,56.95,57.81,56.46,56.78,54.22,18861400
10/5/2022,56.5,56.65,55.51,56.24,53.71,14324900
10/6/2022,56,56.1,54.87,55.03,52.55,17192800
10/7/2022,54.99,55.09,54.25,54.51,52.05,11479800
10/10/2022,54.6,54.96,54.02,54.39,51.94,10239100
10/11/2022,54.46,55.22,54.24,54.48,52.03,14303900
10/12/2022,55.23,56.04,55.04,55.14,52.66,18377400
10/13/2022,54.48,56.08,54.26,55.87,53.35,16220700
10/14/2022,56.29,56.47,54.94,54.98,52.5,15997900
10/17/2022,55.63,56.22,55.57,55.69,53.18,13721400
10/18/2022,56.31,56.78,56.1,56.44,53.9,11823100
10/19/2022,56.31,56.54,55.73,55.96,53.44,10182300
10/20/2022,55.77,55.92,54.96,55.08,52.6,16905100
10/21/2022,55,56.11,54.99,55.96,53.44,15034100
10/24/2022,56.64,57.73,56.57,57.57,54.98,17416700
10/25/2022,59.04,59.11,57.75,58.95,56.29,28829900
10/26/2022,59.01,59.78,58.86,59.39,56.71,15831400
10/27/2022,59.77,59.84,59.38,59.53,56.85,16026100
10/28/2022,59.57,60.91,59.47,60.76,58.02,12888900
10/31/2022,60.51,60.57,59.67,59.85,57.15,14016400
11/1/2022,60.03,60.29,59.37,59.64,56.95,10659500
11/2/2022,59.64,60.23,58.77,58.81,56.16,14549200
11/3/2022,58.11,59,58.1,58.78,56.13,9194000
11/4/2022,59.3,59.59,58.56,59.26,56.59,9725900
11/7/2022,59.26,59.77,59.24,59.49,56.81,8849700
11/8/2022,59.75,59.79,58.94,59.6,56.92,10081600
11/9/2022,59.59,59.64,58.75,58.77,56.12,10115200
11/10/2022,60.25,61.04,59.68,60.88,58.14,16804800
11/11/2022,61.37,61.45,60.21,61.32,58.56,18972100
11/14/2022,61.32,61.72,60.71,60.73,57.99,16361000
11/15/2022,61.13,61.45,60,60.63,57.9,13295800
11/16/2022,60.79,61.03,60.29,60.52,57.79,14199500
11/17/2022,60.19,60.74,60.13,60.71,57.98,11212600
11/18/2022,60.99,61.37,60.8,61.14,58.39,10415600
11/21/2022,61.41,62.21,61.2,62.08,59.28,15399400
11/22/2022,62.47,62.5,62.05,62.35,59.54,12319600
11/23/2022,62.49,62.79,62.3,62.63,59.81,8990400
11/25/2022,62.73,62.81,62.38,62.69,59.87,5165500
11/28/2022,62.69,63.1,62.56,62.7,59.88,12267500
11/29/2022,62.52,62.57,61.98,62.48,59.67,10969600
11/30/2022,62.01,63.68,61.75,63.61,61.18,30433900
12/1/2022,63.61,64.11,63.43,63.79,61.35,12001400
12/2/2022,63.61,64.52,63.4,64.35,61.89,13643500
12/5/2022,63.41,63.8,63.26,63.47,61.04,9185100
12/6/2022,63.52,63.88,63.23,63.44,61.01,10099500
12/7/2022,63.45,63.72,63.25,63.54,61.11,12307600
12/8/2022,63.6,63.85,63.35,63.81,61.37,9946200
12/9/2022,63.61,63.84,63.09,63.14,60.72,13914900
12/12/2022,63.3,64.01,63.01,63.97,61.52,11647900
12/13/2022,64.59,64.7,63.8,63.99,61.54,17521600
12/14/2022,64.19,64.65,63.57,63.99,61.54,12826700
12/15/2022,63.59,63.89,62.49,63.11,60.69,12212300
12/16/2022,62.75,63.14,62.33,62.75,60.35,33631500
12/19/2022,62.83,63.41,62.47,62.84,60.43,10919700
12/20/2022,62.82,63.15,62.75,62.79,60.39,10286500
12/21/2022,63.07,64.05,63.07,63.8,61.36,10411300
12/22/2022,63.42,63.59,62.65,63.34,60.92,9666700
12/23/2022,63.5,63.87,63.2,63.82,61.38,6463300
12/27/2022,63.93,64.29,63.71,64.21,61.75,7320700
12/28/2022,64.46,64.65,63.49,63.57,61.14,7159400
12/29/2022,63.8,64.15,63.7,63.95,61.5,7169300
12/30/2022,63.92,63.92,63.17,63.61,61.18,7650200
1/3/2023,63.56,63.56,62.18,62.95,60.54,12180500
1/4/2023,63.15,63.33,62.51,62.92,60.51,13387900
1/5/2023,62.6,62.8,62.08,62.2,59.82,9814700
1/6/2023,62.91,63.67,62.58,63.4,60.97,9990000
1/9/2023,63.3,63.72,62.58,62.61,60.21,9442600
1/10/2023,62.6,62.73,61.92,62.13,59.75,10134600
1/11/2023,62.38,62.56,61.41,62.01,59.64,10823000
1/12/2023,62.11,62.18,60.97,61.21,58.87,13907300
1/13/2023,60.7,61.46,60.59,61.43,59.08,13986400
1/17/2023,61.73,62.38,61.56,61.68,59.32,18327800
1/18/2023,61.51,61.59,59.68,59.81,57.52,19679400
1/19/2023,59.73,60.64,59.71,59.72,57.43,14894500
1/20/2023,59.72,60.09,59.4,60.08,57.78,14237700
1/23/2023,60.28,60.57,60.05,60.23,57.92,12613400
1/24/2023,60.08,61.85,59.8,60.55,58.23,10103300
1/25/2023,60.2,60.94,59.89,60.93,58.6,11265800
1/26/2023,60.81,61.1,60.57,60.81,58.48,11884800
1/27/2023,60.84,60.96,60.37,60.49,58.17,14087000
1/30/2023,60.54,61.17,60.46,60.64,58.32,15632000
1/31/2023,60.98,61.34,60.51,61.32,58.97,14344400
2/1/2023,61.14,61.58,60.62,61.33,58.98,12535400
2/2/2023,60.8,61.02,59.91,60.28,57.97,16947200
2/3/2023,60.35,60.42,59.23,59.83,57.54,15404400
2/6/2023,59.79,60.34,59.72,60.17,57.87,11330900
2/7/2023,59.67,60.24,59.54,60.07,57.77,14922700
2/8/2023,59.92,59.92,59.59,59.72,57.43,11012000
2/9/2023,60.15,60.32,59.6,59.62,57.34,12515300
2/10/2023,59.72,59.9,58.88,59.62,57.34,14420700
2/13/2023,59.9,60.76,59.73,60.6,58.28,16191800
2/14/2023,60.21,60.9,59.56,59.59,57.31,20505700
2/15/2023,59.9,59.93,59.23,59.59,57.31,13171400
2/16/2023,59.23,59.82,58.95,59.22,56.95,16538300
2/17/2023,59.5,60.23,59.38,60.12,57.82,16814700
2/21/2023,59.99,60.23,59.72,59.8,57.51,14278300
2/22/2023,59.85,60.36,59.75,59.98,57.68,12409600
2/23/2023,60.01,60.42,59.81,60.09,57.79,12222800
2/24/2023,59.68,59.91,59.39,59.84,57.55,9736200
2/27/2023,60.18,60.3,59.74,59.82,57.53,8849800
2/28/2023,59.7,59.7,59.14,59.51,57.23,16082200
3/1/2023,59.13,59.18,58.37,58.86,56.61,13275800
3/2/2023,58.84,59.78,58.8,59.72,57.43,11758300
3/3/2023,59.55,59.68,59.21,59.44,57.16,13101800
3/6/2023,59.26,60.38,59.22,60.36,58.05,16282700
3/7/2023,60.49,60.57,59.75,60.01,57.71,13961200
3/8/2023,60.04,60.33,59.73,60.04,57.74,10851600
3/9/2023,60.54,60.54,59.28,59.46,57.18,13900900
3/10/2023,59.7,60.14,58.99,59.21,56.94,13745800
3/13/2023,59.29,60.87,59.25,59.81,57.52,21956000
3/14/2023,60,60.46,59.35,60.03,57.73,19496900
3/15/2023,59.43,60.48,59.24,60.43,58.12,21089900
3/16/2023,60.09,60.34,59.7,60.3,58.44,15658300
3/17/2023,60.31,60.35,59.64,60.02,58.17,27351200
3/20/2023,60.16,60.6,59.97,60.6,58.73,12904100
3/21/2023,60.57,60.75,59.88,60.32,58.46,13716500
3/22/2023,60.4,60.87,60.03,60.05,58.19,10494200
3/23/2023,60.09,60.39,59.72,59.92,58.07,15479000
3/24/2023,60.25,61.02,59.91,60.9,59.02,12975600
3/27/2023,61.14,61.48,60.95,61.35,59.45,12777400
3/28/2023,61.39,61.74,61.27,61.42,59.52,10925700
3/29/2023,61.72,61.95,61.59,61.86,59.95,9441000
3/30/2023,61.88,62.09,61.66,61.85,59.94,9870700
3/31/2023,62.06,62.25,61.87,62.03,60.11,14440900
4/3/2023,62.3,62.52,61.86,62.4,60.47,12300700
4/4/2023,62.39,62.74,62.08,62.21,60.29,11433400
4/5/2023,62.53,63.02,62.5,62.8,60.86,12789600
4/6/2023,62.86,63.04,62.38,62.84,60.9,9644200
4/10/2023,62.49,62.69,62.02,62.69,60.75,7952600
4/11/2023,62.65,62.71,62.4,62.58,60.65,9913000
4/12/2023,62.48,63.03,62.31,62.69,60.75,9593700
4/13/2023,62.76,63.16,62.48,63.15,61.2,9871400
4/14/2023,63.05,63.15,62.78,63.05,61.1,8946000
4/17/2023,63.32,63.53,63.14,63.46,61.5,9452400
4/18/2023,63.51,63.6,63.19,63.56,61.6,9035700
4/19/2023,63.73,63.83,63.43,63.68,61.71,9769500
4/20/2023,63.63,64,63.44,63.96,61.98,10706400
4/21/2023,64,64.27,63.8,64.05,62.07,12931100
4/24/2023,64.75,64.99,63.62,63.95,61.97,15532300
4/25/2023,64.17,64.17,63.63,63.85,61.88,12818900
4/26/2023,63.56,63.77,63.39,63.55,61.59,13179600
4/27/2023,63.53,63.76,63.11,63.68,61.71,13795800
4/28/2023,63.61,64.16,63.48,64.15,62.17,13686700
5/1/2023,64.15,64.69,64.06,64.3,62.31,9091500
5/2/2023,64.14,64.14,63.27,64.01,62.03,10948400
5/3/2023,64.02,64.18,63.58,63.65,61.68,11084600
5/4/2023,63.74,63.93,63.51,63.72,61.75,11938300
5/5/2023,63.64,64.21,63.63,64.02,62.04,9037300
5/8/2023,63.81,64.06,63.61,63.92,61.94,7240700
5/9/2023,63.64,63.75,63.28,63.39,61.43,9067700
5/10/2023,63.32,63.64,62.99,63.5,61.54,10134000
5/11/2023,63.58,63.93,63.01,63.86,61.89,9581500
5/12/2023,63.86,64.19,63.7,64.11,62.13,8739600
5/15/2023,64.22,64.25,63.71,63.94,61.96,8150000
5/16/2023,63.9,63.9,63.16,63.22,61.27,9129600
5/17/2023,63.4,63.42,62.73,63.15,61.2,11583000
5/18/2023,63.01,63.04,62.57,62.8,60.86,13595100
5/19/2023,63.04,63.1,62.61,62.83,60.89,14242100
5/22/2023,62.79,62.87,61.44,61.51,59.61,15055400
5/23/2023,61.51,61.67,61.17,61.4,59.5,13932700
5/24/2023,61.38,61.43,60.72,60.88,59,11090100
5/25/2023,60.47,60.73,60.15,60.41,58.54,14463600
5/26/2023,60.45,60.64,60.11,60.26,58.4,12570300
5/30/2023,60.09,60.2,59.52,59.78,57.93,15634200
5/31/2023,59.92,60.28,59.37,59.66,57.82,59432200
6/1/2023,59.94,60.17,59.77,60,58.15,13402700
6/2/2023,60.27,61.32,60.08,61.16,59.27,15256300
6/5/2023,61,61.44,60.55,60.75,58.87,12915600
6/6/2023,60.95,60.99,60.12,60.31,58.45,10943500
6/7/2023,60.01,60.36,59.82,60.22,58.36,16817900
6/8/2023,60.13,60.41,59.98,60.37,58.5,15585900
6/9/2023,60.27,60.67,60.17,60.47,58.6,12581500
6/12/2023,60.59,60.65,60.02,60.21,58.35,14208900
6/13/2023,60.21,60.67,60.04,60.45,58.58,13397800
6/14/2023,60.73,61.08,60.6,60.86,58.98,14099700
6/15/2023,60.61,61.3,60.34,61.23,59.79,15271400
6/16/2023,61.6,62.17,61.48,61.67,60.22,26735800
6/20/2023,61.59,61.96,61.24,61.26,59.82,13971800
6/21/2023,61.31,61.72,60.98,61.43,59.99,13948700
6/22/2023,61.81,62.1,61.59,61.85,60.4,15193400
6/23/2023,61.94,61.97,61.18,61.2,59.76,25103600
6/26/2023,61.21,61.29,60.39,61.22,59.78,12856100
6/27/2023,61.22,61.36,60.98,61.09,59.65,9068500
6/28/2023,60.88,61.04,60.4,60.52,59.1,11173200
6/29/2023,60.22,60.35,59.77,60.02,58.61,17142300
6/30/2023,60,60.35,59.87,60.22,58.8,19737000
7/3/2023,60.2,60.63,60.03,60.58,59.16,9694500
7/5/2023,60.28,61.1,60.16,61.03,59.59,14716600
7/6/2023,60.73,61.02,60.5,60.56,59.14,12603900
7/7/2023,60.31,60.5,59.73,59.76,58.35,14565500
7/10/2023,59.97,60.15,59.14,59.31,57.92,15480600
7/11/2023,59.46,59.56,58.84,59.52,58.12,15970100
7/12/2023,59.75,60.05,59.45,59.84,58.43,14241300
7/13/2023,60.12,60.46,59.98,60.35,58.93,11269800
7/14/2023,60.14,61.04,60.09,60.9,59.47,11631600
7/17/2023,60.76,61.1,60.49,60.81,59.38,10014300
7/18/2023,60.96,61.25,60.41,60.57,59.15,11152900
7/19/2023,60.77,61.79,60.68,61.64,60.19,12936000
7/20/2023,61.68,62.41,61.67,62.39,60.92,11563000
7/21/2023,62.46,62.68,62.24,62.44,60.97,12813200
7/24/2023,62.42,62.81,62.4,62.46,60.99,10251100
7/25/2023,62.3,62.39,62.05,62.25,60.79,13422700
7/26/2023,61.86,63.17,61.39,63.05,61.57,17145500
7/27/2023,63.05,63.27,62.38,62.44,60.97,11517100
7/28/2023,62.59,62.77,62.22,62.48,61.01,9721800
7/31/2023,62.45,62.45,61.73,61.93,60.47,15577900
8/1/2023,62.09,62.36,61.62,61.77,60.32,9281600
8/2/2023,61.56,62.59,61.56,61.96,60.5,11059400
8/3/2023,61.87,62.12,61.53,61.64,60.19,8037400
8/4/2023,61.68,61.89,60.62,60.71,59.28,9356600
8/7/2023,60.79,61.33,60.74,61.19,59.75,6982600
8/8/2023,61.19,61.35,60.62,60.92,59.49,7956100
8/9/2023,60.91,61.63,60.75,61.06,59.62,7904100
8/10/2023,61.35,61.73,60.79,60.92,59.49,7870300
8/11/2023,60.84,61.2,60.69,61.17,59.73,8483400
8/14/2023,61.32,61.48,60.75,60.88,59.45,7176300
8/15/2023,60.69,60.9,60.37,60.47,59.05,7187400
8/16/2023,60.54,60.82,60.4,60.48,59.06,8372300
8/17/2023,60.58,61.02,60.45,60.61,59.18,12873500
8/18/2023,60.54,61.09,60.37,60.95,59.52,11082300
8/21/2023,60.86,60.93,60.32,60.43,59.01,8648500
8/22/2023,60.34,60.58,59.98,60.06,58.65,9412200
8/23/2023,60.2,60.44,60.16,60.27,58.85,7749500
8/24/2023,60.27,60.88,60.09,60.11,58.7,8955100
8/25/2023,60.41,60.57,60.01,60.39,58.97,7629200
8/28/2023,60.55,60.73,60.37,60.56,59.14,6254300
8/29/2023,60.56,60.63,60.15,60.5,59.08,8189600
8/30/2023,60.64,60.74,60.29,60.47,59.05,9447900
8/31/2023,60.3,60.47,59.81,59.83,58.42,14663500
9/1/2023,60,60.13,59.12,59.31,57.92,11257200
9/5/2023,59.25,59.32,58.67,58.82,57.44,12474600
9/6/2023,58.62,58.83,58.42,58.78,57.4,13923500
9/7/2023,58.95,59.16,58.3,58.33,56.96,17628600
9/8/2023,58.3,58.41,58.01,58.33,56.96,14312300
9/11/2023,58.4,58.99,58.23,58.88,57.5,14767400
9/12/2023,58.99,59,58.19,58.3,56.93,12292700
9/13/2023,58.4,58.68,58.34,58.44,57.07,12641400
9/14/2023,58.24,58.59,58.19,58.46,57.54,12311600
9/15/2023,58.41,58.64,57.75,57.94,57.03,55690500
9/18/2023,57.98,58.35,57.63,58.3,57.38,13617400
9/19/2023,58.26,58.39,57.92,58.18,57.26,11998900
9/20/2023,58.3,58.83,58.08,58.44,57.52,14766600
9/21/2023,58.37,58.42,57.42,57.54,56.63,15941800
9/22/2023,57.85,57.97,57.5,57.6,56.69,14644100
9/25/2023,57.4,57.49,56.74,57,56.1,12358800
9/26/2023,56.73,56.9,56.4,56.53,55.64,11194700
9/27/2023,56.42,56.53,55.68,55.95,55.07,13766300
9/28/2023,56.23,56.32,55.7,55.81,54.93,12484800
9/29/2023,56.14,56.27,55.62,55.98,55.1,12270000
10/2/2023,55.91,56.01,55.08,55.48,54.6,11792500
10/3/2023,55.16,55.43,54.78,54.88,54.01,13604200
10/4/2023,54.89,55.28,54.71,55.04,54.17,12100500
10/5/2023,54.74,54.95,52.24,52.38,51.55,29878100
10/6/2023,52.04,53.29,51.55,53.14,52.3,30292000
10/9/2023,52.96,53.15,52.11,52.88,52.05,15704700
10/10/2023,54.13,54.33,53.56,54.03,53.18,20909700
10/11/2023,54.22,54.28,53.02,53.71,52.86,21138900
10/12/2023,53.76,53.83,52.43,52.81,51.98,19330400
10/13/2023,52.74,53.42,52.64,52.89,52.06,14494600
10/16/2023,53.02,53.56,52.84,53.43,52.59,12816800
10/17/2023,53.31,54.1,53.21,54.07,53.22,16457200
10/18/2023,54.1,54.53,53.92,54.05,53.2,12809500
10/19/2023,54.16,54.76,53.86,54.35,53.49,16202200
10/20/2023,54.53,55.02,54.44,54.57,53.71,15674600
10/23/2023,54.38,54.89,54.05,54.08,53.23,21212700
10/24/2023,55.65,56.17,55.3,55.64,54.76,25290800
10/25/2023,55.76,56.22,55.56,56.12,55.23,16701000
10/26/2023,56.37,56.63,55.72,55.78,54.9,16228400
10/27/2023,55.55,56.14,55.1,55.24,54.37,13626500
10/30/2023,55.43,56.28,55.42,56.15,55.26,15014300
10/31/2023,56.57,56.72,56.15,56.49,55.6,16639400
11/1/2023,56.8,56.88,56.26,56.44,55.55,14110800
11/2/2023,56.5,57.15,56.36,57.09,56.19,13087200
11/3/2023,57.4,57.59,56.7,56.74,55.85,13956500
11/6/2023,56.78,57.28,56.74,56.97,56.07,12673200
11/7/2023,56.92,57.4,56.73,57.18,56.28,10449300
11/8/2023,57.32,57.47,56.92,57.09,56.19,13744000
11/9/2023,57.03,57.14,56.37,56.66,55.77,12021100
11/10/2023,56.87,56.93,56.06,56.72,55.83,11678900
11/13/2023,56.62,57.1,56.6,56.93,56.03,12798200
11/14/2023,57.02,57.24,56.81,57.1,56.2,12697100
11/15/2023,57.3,57.34,56.75,57.21,56.31,10201900
11/16/2023,57.25,57.53,56.81,57.15,56.25,16010400
11/17/2023,57.19,57.34,56.7,57.26,56.36,14475800
11/20/2023,57.05,57.58,56.96,57.4,56.49,13051000
11/21/2023,57.46,58.04,57.33,58.03,57.11,13891600
11/22/2023,58.26,58.54,58.13,58.42,57.5,11320600
11/24/2023,58.46,58.75,58.34,58.57,57.65,4816000
11/27/2023,58.54,58.69,58.27,58.46,57.54,16246500
11/28/2023,58.4,58.83,58.36,58.58,57.66,13739600
11/29/2023,58.58,58.67,58.1,58.23,57.31,11263600
11/30/2023,57.96,58.46,57.6,58.44,57.98,22727500
12/1/2023,58.27,58.69,58.24,58.64,58.17,15369600
12/4/2023,58.59,58.96,58.44,58.57,58.11,14942200
12/5/2023,58.55,58.83,58.42,58.66,58.19,11891500
12/6/2023,58.56,58.73,58.21,58.6,58.13,14868500
12/7/2023,58.67,58.89,58.39,58.74,58.27,11587900
12/8/2023,58.74,58.75,58.37,58.61,58.14,11177600
12/11/2023,58.83,59.09,58.5,59.04,58.57,14524800
12/12/2023,59.2,59.42,58.9,59.42,58.95,12899000
12/13/2023,59.45,60.02,59.26,59.93,59.45,16196800
12/14/2023,59.97,60.04,58.77,59.04,58.57,22478300
12/15/2023,58.83,59.17,57.8,58.6,58.13,65172300
12/18/2023,58.8,59.49,58.62,59.02,58.55,16717700
12/19/2023,59,59.2,58.64,58.83,58.36,14612200
12/20/2023,58.5,58.67,57.57,57.61,57.15,17701000
12/21/2023,57.85,58.07,57.47,57.99,57.53,11725100
12/22/2023,58.12,58.46,58.02,58.32,57.86,9028500
12/26/2023,58.06,58.71,58.06,58.56,58.1,6422500
12/27/2023,58.64,58.77,58.4,58.71,58.24,8560100
12/28/2023,58.65,58.87,58.53,58.75,58.28,8400100
12/29/2023,58.74,58.98,58.63,58.93,58.46,9241600
